1,Zan,Ozebek,Zan.Ozebek@yahoo.com,070275940
2,Klemen,Hernaus,Klemen.Hernaus@yahoo.com,064715555
3,Franko,Izakovic,Franko.Izakovic@gmail.com,040622841
4,Franko,Izakovic,Franko.Izakovic@hotmail.com,064109821
5,Franko,Cigut,Franko.Cigut@hotmail.com,064755135
6,Luka,Ozebek,Luka.Ozebek@hotmail.com,041382225
7,Ula,Ozebek,Ula.Ozebek@gmail.com,070413107
8,Alan,Lukman,Alan.Lukman@gmail.com,041218561
9,Zan,Tanko,Zan.Tanko@hotmail.com,064469358
10,Neja,Preradovic,Neja.Preradovic@yahoo.com,041771559
11,Luka,Frank,Luka.Frank@gmail.com,040976611
12,Sara,Hernaus,Sara.Hernaus@gmail.com,040725113
13,Gregor,Mezek,Gregor.Mezek@gmail.com,031825582
14,Erik,Hernaus,Erik.Hernaus@gmail.com,031902941
15,Cene,Cigut,Cene.Cigut@gmail.com,040571876
16,Zan,Frank,Zan.Frank@hotmail.com,041723589
17,Luka,Erzetic,Luka.Erzetic@hotmail.com,040815281
18,Gregor,Abram,Gregor.Abram@hotmail.com,040552218
19,Jakob,Tanko,Jakob.Tanko@gmail.com,041612138
20,Neja,Klavora,Neja.Klavora@yahoo.com,070538268
21,Ana,Izakovic,Ana.Izakovic@yahoo.com,070698416
22,Petra,Izakovic,Petra.Izakovic@gmail.com,070212428
23,Jakob,Vesel,Jakob.Vesel@gmail.com,070192398
24,Mateja,Hernaus,Mateja.Hernaus@yahoo.com,040209776
25,Klemen,Gregl,Klemen.Gregl@gmail.com,040974290
